order_id,order_date,product_name,quantity,price,refund_status,cogs,customer_name,customer_email,shipping_address,Shipping Cost (Rs),Taxes (Rs)
1,7/20/2021,Mrs,20,537.39,processed,145.59,Alexina Ragsdall,aragsdall0@qq.com,4 Forster Avenue,250,30
2,11/18/2021,Rev,88,138.93,refunded,332.11,Park Ostridge,postridge1@springer.com,6479 Eliot Court,250,31
3,6/23/2021,Mrs,49,655.1,refunded,446.97,Neill Airds,nairds2@acquirethisname.com,62 Thackeray Pass,250,32
4,3/14/2020,Mrs,53,560.35,processed,360.18,Kaitlin Curedell,kcuredell3@usatoday.com,6698 Nova Crossing,250,33
5,4/8/2021,Ms,40,480.07,pending,302.34,Jeannie Yeskov,jyeskov4@t-online.de,3 Anzinger Way,250,34
6,1/19/2021,Honorable,35,180.09,processed,13.43,Neale Preble,npreble5@phpbb.com,1 John Wall Terrace,250,35
7,7/16/2021,Dr,80,884.7,processed,22.75,Fannie Couve,fcouve6@facebook.com,7 Buena Vista Avenue,250,36
8,10/8/2021,Rev,46,202.58,processed,295.9,Putnam Stearndale,pstearndale7@imdb.com,2338 Butterfield Center,250,37
9,12/14/2021,Ms,12,848.3,processed,358.08,Gilli Longmire,glongmire8@google.nl,3342 Bultman Road,250,38
10,7/23/2020,Honorable,43,40.59,refunded,176.07,Hersch Bilston,hbilston9@soup.io,2442 Hollow Ridge Hill,250,39
11,8/13/2021,Ms,38,934.13,processed,322,Gaspard Da Costa,gdaa@amazonaws.com,236 Valley Edge Park,250,40
12,6/12/2020,Rev,72,188.49,pending,402.62,Karissa Hawken,khawkenb@utexas.edu,239 Magdeline Park,250,41
13,6/17/2020,Honorable,19,629.67,processed,6.13,Rockie Sterte,rstertec@github.io,61 Morning Hill,250,42
14,7/5/2020,Mrs,38,513.02,processed,317.48,Berthe Vaughton,bvaughtond@nasa.gov,8647 Westport Circle,250,43
15,5/26/2021,Mrs,23,451.3,processed,56.2,Jorrie Tolchard,jtolcharde@icio.us,1459 Haas Court,250,44
16,8/26/2020,Honorable,95,825.97,pending,344.01,Koenraad Maden,kmadenf@europa.eu,97476 Randy Drive,250,45
17,4/7/2021,Honorable,90,47.6,processed,117.06,Tristam Guidetti,tguidettig@smugmug.com,95 Cordelia Circle,250,46
18,7/5/2020,Mrs,100,743.63,processed,374.6,Neysa Coughlan,ncoughlanh@purevolume.com,3 Porter Pass,250,47
19,6/21/2021,Ms,7,87.07,pending,281.9,Lanette Schurig,lschurigi@pinterest.com,03 Birchwood Trail,250,48
20,6/7/2020,Mr,72,605.26,refunded,473.93,Kania Sebright,ksebrightj@nydailynews.com,40 Everett Circle,250,49
21,5/15/2021,Mr,89,18.84,processed,36.13,Anni Plackstone,aplackstonek@stanford.edu,2 Daystar Street,250,50
22,8/27/2021,Dr,2,50.96,pending,479.64,Melodee Wait,mwaitl@tmall.com,2837 Michigan Alley,250,51
23,1/7/2021,Mrs,95,987.21,pending,274.01,Cacilia Depport,cdepportm@csmonitor.com,921 Bellgrove Point,250,52
24,6/16/2021,Ms,8,915.51,pending,78.98,Farrel O'Hallagan,fohallagann@w3.org,083 Arizona Point,250,53
25,9/30/2021,Mr,90,138.11,processed,142.18,Wash Kemmet,wkemmeto@free.fr,4022 Forest Dale Lane,250,54
26,2/15/2021,Honorable,68,726.93,processed,357.32,Caprice Fidilis,cfidilisp@tripadvisor.com,6 Talmadge Road,250,55
27,4/28/2020,Dr,81,803.38,pending,423.7,Missie Patroni,mpatroniq@so-net.ne.jp,75 Warbler Court,250,56
28,1/13/2020,Honorable,10,369.97,pending,121.24,Averil Kingswood,akingswoodr@techcrunch.com,022 Almo Road,250,57
29,6/11/2020,Dr,97,338.93,refunded,402.22,Rebeka Newens,rnewenss@wufoo.com,30 Birchwood Road,250,58
30,5/30/2021,Honorable,46,351.4,refunded,286.58,Virge Gergely,vgergelyt@imdb.com,577 Artisan Park,250,59
31,4/3/2020,Ms,81,452.88,processed,169.26,Cosette Hatherley,chatherleyu@skyrock.com,02368 Stephen Parkway,250,60
32,8/17/2020,Ms,94,885.57,processed,415.05,Rory Druery,rdrueryv@cbsnews.com,2104 High Crossing Hill,250,61
33,5/19/2021,Dr,38,512.5,processed,224.22,Lindie Whitta,lwhittaw@edublogs.org,67250 Buell Avenue,250,62
34,11/13/2021,Honorable,17,566.84,refunded,210.77,Haskel Richel,hrichelx@moonfruit.com,822 Armistice Point,250,63
35,11/8/2020,Mr,73,210.35,pending,359.2,Nesta MacGiolla,nmacgiollay@indiatimes.com,34 Bashford Court,250,64
36,11/22/2021,Rev,31,523.81,refunded,427.15,Ewan Lockett,elockettz@baidu.com,8522 Merchant Lane,250,65
37,7/20/2020,Mr,25,524.17,refunded,463.57,Hymie Grennan,hgrennan10@slashdot.org,6 Susan Place,250,66
38,7/14/2021,Mr,70,820.2,refunded,35.42,Hilliary Smalridge,hsmalridge11@fda.gov,08688 Pierstorff Park,250,67
39,4/4/2020,Mr,34,691.89,processed,381.83,Sianna Ing,sing12@springer.com,883 Arrowood Avenue,250,68
40,1/23/2021,Mr,21,730.42,refunded,485.54,Car Michelet,cmichelet13@paginegialle.it,768 Ryan Point,250,69
41,3/3/2020,Mr,88,496.19,processed,286.07,Celisse Cheese,ccheese14@mapy.cz,7 Pepper Wood Circle,250,70
42,12/17/2021,Ms,66,905.25,refunded,355.8,Waylan Wragg,wwragg15@independent.co.uk,84 Derek Place,250,71
43,9/17/2020,Rev,35,336.02,processed,94.32,Shaylah Auty,sauty16@edublogs.org,517 Hudson Hill,250,72
44,8/14/2021,Honorable,5,526.58,refunded,188.44,Lucias Northing,lnorthing17@twitter.com,563 Harbort Alley,250,73
45,7/14/2020,Honorable,30,462.67,processed,16.88,Darryl Widdison,dwiddison18@mysql.com,4 Luster Avenue,250,74
46,5/12/2020,Ms,21,458.06,pending,438.49,Gareth Zanussii,gzanussii19@un.org,17 Rockefeller Terrace,250,75
47,11/8/2020,Ms,86,163.61,pending,72.89,Pearla Bonnick,pbonnick1a@newyorker.com,807 Lukken Avenue,250,76
48,2/26/2020,Mr,88,258.53,processed,470.87,Warren Eglington,weglington1b@theglobeandmail.com,03 Iowa Road,250,77
49,6/12/2020,Ms,54,255.08,refunded,70.93,Cecilia Stormes,cstormes1c@elpais.com,84 Di Loreto Center,250,78
50,10/19/2021,Dr,62,417.01,pending,20.96,Lyle Fawdrie,lfawdrie1d@sina.com.cn,1112 Macpherson Park,250,79
51,6/19/2021,Rev,16,576.89,processed,413.61,Dareen Cockrell,dcockrell1e@studiopress.com,853 Trailsway Place,250,80
52,5/27/2021,Dr,47,733.95,processed,187.9,Kirby McCome,kmccome1f@sciencedirect.com,737 Harbort Road,250,81
53,2/19/2021,Honorable,96,685.7,pending,343.72,Aland Kirkness,akirkness1g@pcworld.com,04824 Mayfield Crossing,250,82
54,9/5/2020,Honorable,9,856.7,processed,341.42,Elnora Silbermann,esilbermann1h@mediafire.com,416 Golf Course Avenue,250,83
55,3/25/2021,Mr,53,971.12,processed,42.42,Linn Silby,lsilby1i@msn.com,1 Warbler Drive,250,84
56,11/1/2020,Mrs,98,513.89,pending,141.5,Thacher Tilbury,ttilbury1j@omniture.com,143 Artisan Way,250,85
57,7/17/2021,Dr,38,945.14,refunded,13.67,Jillayne Teare,jteare1k@state.gov,1 1st Hill,250,86
58,10/22/2020,Mrs,30,113.52,processed,316.07,Perl Slaight,pslaight1l@163.com,9 Utah Street,250,87
59,5/7/2021,Rev,14,524.1,refunded,126.32,Letisha Munsey,lmunsey1m@oakley.com,4982 Maryland Way,250,88
60,1/2/2021,Mr,55,635.53,processed,435.22,Ellwood Koene,ekoene1n@elegantthemes.com,31560 Grover Court,250,89
61,2/20/2021,Dr,43,147.38,processed,440.02,Aurea Gurnell,agurnell1o@amazon.co.uk,157 Hermina Avenue,250,90
62,12/17/2021,Rev,12,37.8,pending,57.01,Philis Snoad,psnoad1p@cdbaby.com,691 Debra Street,250,91
63,8/9/2020,Ms,66,866.7,pending,462.8,Taddeo Dalton,tdalton1q@scribd.com,56 Kings Road,250,92
64,11/6/2021,Mrs,1,235.4,pending,208.61,Gleda Giacomoni,ggiacomoni1r@vimeo.com,801 Nevada Alley,250,93
65,12/8/2021,Mrs,13,530.55,pending,12.7,Guglielmo Brauns,gbrauns1s@forbes.com,6339 7th Court,250,94
66,10/25/2020,Honorable,97,986.65,pending,147.49,Valdemar Crayden,vcrayden1t@123-reg.co.uk,5 Schurz Way,250,95
67,9/4/2020,Rev,24,413.73,pending,227.5,Samaria Merrell,smerrell1u@who.int,3865 Summer Ridge Plaza,250,96
68,3/9/2020,Mrs,61,347.04,refunded,478.89,Sinclare MacNamara,smacnamara1v@indiegogo.com,312 Butterfield Center,250,97
69,2/7/2021,Honorable,92,716.97,processed,276.03,Melanie Frankiewicz,mfrankiewicz1w@nps.gov,624 Maywood Terrace,250,98
70,2/10/2021,Dr,38,341.58,refunded,159.68,Leonore Errigo,lerrigo1x@ftc.gov,70 Hovde Trail,250,99
71,11/10/2020,Ms,86,918.64,pending,248.95,Heida Blazejewski,hblazejewski1y@telegraph.co.uk,3 Nelson Road,250,100
72,2/27/2021,Dr,4,434.4,refunded,57.4,Jobyna Fearnill,jfearnill1z@hc360.com,37434 Linden Junction,250,101
73,10/24/2020,Ms,6,168.75,refunded,114.4,Andi Juzek,ajuzek20@cbslocal.com,625 Tomscot Drive,250,102
74,9/10/2021,Mr,75,328.78,refunded,178.5,Alisha Reader,areader21@unc.edu,3 Mosinee Avenue,250,103
75,1/22/2021,Rev,9,308.04,refunded,331.95,Osbourne Mein,omein22@paypal.com,0 Farwell Trail,250,104
76,1/5/2020,Mrs,98,685.23,pending,86.4,Arny Huckerbe,ahuckerbe23@earthlink.net,2759 John Wall Way,250,105
77,10/19/2020,Ms,26,301.88,pending,140.98,Devon Wakeley,dwakeley24@state.tx.us,329 Leroy Junction,250,106
78,1/10/2020,Honorable,19,742.63,pending,163.74,Ber Coatman,bcoatman25@marketwatch.com,99078 Havey Point,250,107
79,9/16/2021,Mr,93,812.13,pending,442.21,Shanan O'Kerin,sokerin26@scribd.com,620 Jenna Terrace,250,108
80,1/30/2021,Ms,94,808.83,processed,46.16,Collin O'Doran,codoran27@washington.edu,80636 Utah Hill,250,109
81,2/24/2021,Rev,28,241,refunded,42.69,Morgana Cardoso,mcardoso28@g.co,763 Lindbergh Lane,250,110
82,2/18/2021,Honorable,81,870.47,pending,217.59,Pail Josofovitz,pjosofovitz29@state.tx.us,87738 Roth Park,250,111
83,8/23/2020,Dr,67,404.78,pending,481.72,Marten Trudgeon,mtrudgeon2a@accuweather.com,14608 Melby Court,250,112
84,10/24/2021,Mr,93,841.89,pending,54.09,Clywd Timlett,ctimlett2b@blogspot.com,0598 Kings Way,250,113
85,12/2/2020,Rev,80,242.46,processed,103.42,Cahra Hampe,champe2c@vkontakte.ru,8872 Stoughton Drive,250,114
86,1/20/2020,Dr,25,32.75,refunded,8.69,Almeda Kenwin,akenwin2d@biblegateway.com,0323 Kim Circle,250,115
87,6/30/2020,Ms,87,845.2,pending,138.55,Mirna Wyleman,mwyleman2e@adobe.com,3507 Crowley Trail,250,116
88,5/22/2021,Ms,83,987.84,processed,326.62,Earvin Cuming,ecuming2f@chicagotribune.com,4576 Sachs Pass,250,117
89,11/5/2021,Mr,14,334.19,pending,285.12,Dukie Findon,dfindon2g@sbwire.com,873 Boyd Street,250,118
90,5/30/2020,Dr,66,301.61,refunded,16.96,Trevar Mathieu,tmathieu2h@npr.org,295 Lien Way,250,119
91,10/25/2020,Honorable,8,658.62,pending,88.21,Brent Couves,bcouves2i@seesaa.net,754 Burrows Terrace,250,120
92,11/20/2021,Honorable,98,814.2,processed,297.94,Vick Vickar,vvickar2j@cocolog-nifty.com,6780 Emmet Terrace,250,121
93,6/19/2021,Mr,60,491.46,pending,35.1,Bari Vaszoly,bvaszoly2k@reddit.com,36 Delladonna Trail,250,122
94,6/22/2021,Honorable,80,435.34,pending,290.78,Andonis Rainford,arainford2l@pbs.org,42890 Morning Trail,250,123
95,8/6/2021,Ms,22,922.33,processed,472.72,Shauna Graddell,sgraddell2m@lycos.com,8 Dryden Plaza,250,124
96,2/5/2020,Honorable,4,181.33,pending,413.91,Brian Shingles,bshingles2n@bravesites.com,3 Russell Place,250,125
97,3/14/2020,Dr,98,21.26,pending,488.9,Shannan Proback,sproback2o@mlb.com,07 Lakewood Plaza,250,126
98,1/5/2021,Honorable,78,916.67,refunded,125.05,Tynan Sibbson,tsibbson2p@imgur.com,3 Ronald Regan Plaza,250,127
99,10/6/2020,Rev,81,695.54,processed,47.91,Ivar Falkner,ifalkner2q@cloudflare.com,33057 Prentice Road,250,128
100,9/16/2020,Mr,58,124.83,pending,408.05,Keely Lower,klower2r@wikia.com,02609 Kingsford Court,250,129
101,5/28/2020,Ms,91,857.05,processed,104.04,Ailina Dobie,adobie2s@fc2.com,499 Moose Avenue,250,130
102,7/20/2021,Mr,19,601.17,pending,306.17,Wylma Miliffe,wmiliffe2t@bbb.org,81015 Longview Way,250,131
103,3/11/2021,Mrs,12,819.32,refunded,90.23,Riley Forber,rforber2u@senate.gov,2 Sherman Point,250,132
104,5/22/2021,Mrs,98,728.41,pending,246.5,Carlene Paskerful,cpaskerful2v@latimes.com,7128 Ryan Center,250,133
105,5/8/2020,Mr,32,740.23,pending,135.44,Nora Paddock,npaddock2w@shutterfly.com,300 Forest Dale Court,250,134
106,6/8/2021,Honorable,61,867.08,refunded,314.31,Annice Bilsland,abilsland2x@google.com,86300 Hoffman Pass,250,135
107,8/28/2021,Mrs,51,782.71,processed,352.43,Dorice Leppington,dleppington2y@google.co.jp,89383 7th Place,250,136
108,8/5/2020,Mrs,48,324.07,refunded,111.44,Deborah Willeman,dwilleman2z@bloglines.com,2982 Mccormick Junction,250,137
109,3/26/2020,Rev,44,213.38,pending,99.22,Hunt Mose,hmose30@hostgator.com,8933 Norway Maple Hill,250,138
110,1/25/2021,Mrs,100,959.36,processed,311.54,Amalea Copping,acopping31@thetimes.co.uk,81265 Waywood Alley,250,139
111,9/18/2021,Rev,84,623.76,pending,245.87,Lorinda While,lwhile32@sakura.ne.jp,021 Continental Plaza,250,140
112,2/10/2020,Rev,47,310.37,pending,23.23,Donnajean Storie,dstorie33@theatlantic.com,01 Drewry Plaza,250,141
113,1/24/2021,Mr,84,890.7,processed,398.69,Richmond Vondra,rvondra34@printfriendly.com,786 Pawling Circle,250,142
114,12/23/2020,Honorable,30,983.81,refunded,442.44,Norrie Fittis,nfittis35@epa.gov,97663 Debra Pass,250,143
115,4/22/2021,Honorable,18,35.67,refunded,349.76,Lilly Lorroway,llorroway36@networkadvertising.org,3930 Bellgrove Lane,250,144
116,6/13/2020,Mr,67,952.29,refunded,173.39,Julita Arbor,jarbor37@dailymotion.com,15903 Blaine Point,250,145
117,12/16/2021,Dr,16,760.96,pending,41.52,Madelon Defrain,mdefrain38@cbslocal.com,873 Westridge Place,250,146
118,10/8/2020,Mr,76,284.69,refunded,26.16,Maury Utridge,mutridge39@msn.com,49 Lawn Place,250,147
119,3/2/2021,Honorable,35,733.27,pending,85.42,Evangelina O'Dyvoy,eodyvoy3a@comcast.net,0079 Bartelt Terrace,250,148
120,4/11/2020,Rev,1,387.76,processed,348.15,Trixi Brear,tbrear3b@apache.org,5 Fairfield Hill,250,149
121,2/6/2020,Honorable,20,613.13,pending,207.68,Jade Heaphy,jheaphy3c@marriott.com,35847 Larry Alley,250,150
122,3/8/2021,Ms,74,11.45,refunded,50.53,Gaye Fetter,gfetter3d@redcross.org,5628 Porter Drive,250,151
123,4/6/2021,Mr,75,471.77,pending,81.42,Debee Moxham,dmoxham3e@cloudflare.com,9301 Bartillon Park,250,152
124,11/30/2021,Dr,6,631.01,pending,181.18,Dyanna Brokenshaw,dbrokenshaw3f@live.com,67948 Green Way,250,153
125,10/30/2020,Rev,21,181.81,pending,393.59,Eddie Scurlock,escurlock3g@cdc.gov,2307 Darwin Trail,250,154
126,7/10/2020,Mrs,26,832.73,refunded,110.56,Kimmi Battie,kbattie3h@cloudflare.com,41091 Burrows Lane,250,155
127,6/6/2021,Honorable,20,45.01,pending,341.26,Rianon Ravenhill,rravenhill3i@mapy.cz,73293 Village Terrace,250,156
128,12/21/2020,Honorable,73,749.56,refunded,184.95,Mariann Beric,mberic3j@privacy.gov.au,4119 Loftsgordon Place,250,157
129,5/6/2020,Ms,92,66.92,processed,159.37,Lauralee Manueau,lmanueau3k@ow.ly,1753 American Drive,250,158
130,3/24/2020,Rev,19,966.05,refunded,178.27,Nikolai Newvill,nnewvill3l@163.com,4424 Larry Court,250,159
131,6/4/2021,Mrs,23,207.07,refunded,165.8,Delcina Ridsdole,dridsdole3m@harvard.edu,08419 Cordelia Alley,250,160
132,9/25/2021,Mr,98,45.82,pending,457.74,Ira Castellaccio,icastellaccio3n@xing.com,2685 Bonner Street,250,161
133,4/16/2020,Honorable,8,597.93,refunded,3.21,Audie Tabrett,atabrett3o@cnet.com,9 Goodland Trail,250,162
134,8/15/2020,Rev,23,725.71,refunded,227.43,Marcela Harrismith,mharrismith3p@nytimes.com,58 Independence Court,250,163
135,2/17/2020,Mrs,37,454.26,processed,218.59,Jarid Conlon,jconlon3q@theglobeandmail.com,289 Alpine Circle,250,164
136,2/14/2020,Dr,73,337.78,refunded,45.64,Adena Schooling,aschooling3r@zdnet.com,1 Lillian Trail,250,165
137,5/1/2020,Honorable,94,458.68,processed,259.09,Fairlie Larn,flarn3s@geocities.jp,24 Bartelt Road,250,166
138,2/18/2020,Rev,77,371.89,processed,56.32,Angelika Denyagin,adenyagin3t@wordpress.org,6219 Florence Court,250,167
139,10/7/2021,Ms,94,575.88,processed,459.71,Berri Toland,btoland3u@gmpg.org,02 Lien Pass,250,168
140,7/16/2021,Mrs,3,26.21,pending,51.12,Kikelia Filov,kfilov3v@bravesites.com,5 Westerfield Alley,250,169
141,11/6/2021,Honorable,34,988.85,processed,131.12,Russell Cole,rcole3w@hhs.gov,1 Victoria Place,250,170
142,2/2/2021,Rev,90,444.02,processed,10.21,Clemmy Aksell,caksell3x@tripod.com,01 Dexter Center,250,171
143,8/30/2021,Mr,7,188.99,refunded,108.28,Shaylyn Wheelband,swheelband3y@va.gov,14250 Bluejay Drive,250,172
144,11/13/2021,Mrs,29,368.94,processed,448.75,Kesley Brader,kbrader3z@hhs.gov,83 Sunnyside Way,250,173
145,5/8/2020,Honorable,97,485.73,refunded,304.35,Rosemonde Griss,rgriss40@prnewswire.com,331 Carberry Circle,250,174
146,9/10/2020,Mrs,57,788.9,refunded,492.47,Winnah Gofforth,wgofforth41@livejournal.com,8 Cordelia Junction,250,175
147,1/6/2021,Dr,95,636.9,pending,200.02,Emmalyn Barthelemy,ebarthelemy42@blogs.com,23961 Stoughton Plaza,250,176
148,11/26/2021,Honorable,17,338.81,pending,343.3,Carey Rene,crene43@alexa.com,9 Sutherland Road,250,177
149,10/25/2020,Mrs,64,160.66,pending,489.8,Hanson Verry,hverry44@barnesandnoble.com,39667 Kingsford Park,250,178
150,12/20/2021,Mr,25,262.81,pending,171.41,Mylo Hedgeman,mhedgeman45@msn.com,26 Larry Circle,250,179
151,7/31/2020,Dr,63,730.06,pending,496.26,Ursuline Millam,umillam46@seattletimes.com,34 New Castle Alley,250,180
152,6/15/2021,Mr,44,466.89,pending,344.23,Annabell Kenewell,akenewell47@columbia.edu,26 Moland Point,250,181
153,12/28/2021,Rev,4,661.11,processed,6.85,Claudine Ishaki,cishaki48@ovh.net,56 Springs Crossing,250,182
154,3/23/2021,Rev,99,60.06,refunded,57.28,Amelina Durtnel,adurtnel49@blogspot.com,63 Surrey Pass,250,183
155,2/24/2020,Honorable,99,851.19,processed,182.47,Nefen Anshell,nanshell4a@irs.gov,5949 Sachs Crossing,250,184
156,2/10/2020,Honorable,62,934.48,pending,275.09,Pauly Rontsch,prontsch4b@google.it,05145 High Crossing Way,250,185
157,5/3/2021,Mr,93,117.54,refunded,234.68,Joyan Esp,jesp4c@fda.gov,66181 Scoville Drive,250,186
158,12/26/2020,Rev,83,0.25,refunded,317.13,Kerrin Kerman,kkerman4d@yahoo.com,9 Marquette Way,250,187
159,9/28/2020,Dr,27,838.48,pending,382.27,Theodora Vidineev,tvidineev4e@flickr.com,942 Hazelcrest Place,250,188
160,5/27/2021,Honorable,22,444.46,pending,400.07,Arliene De Blasio,ade4f@people.com.cn,9 Monica Point,250,189
161,6/17/2021,Dr,29,13.43,processed,213.03,Arleta Gwilt,agwilt4g@sitemeter.com,47513 Thompson Terrace,250,190
162,7/17/2020,Honorable,69,549.03,processed,426.22,Ty Wimpeney,twimpeney4h@fc2.com,20 Porter Junction,250,191
163,12/27/2021,Honorable,30,996.97,refunded,313.5,Ofelia Grayling,ograyling4i@yellowbook.com,26579 Heath Point,250,192
164,1/1/2020,Ms,57,213.84,pending,391.41,Gabbey Peto,gpeto4j@archive.org,79485 Autumn Leaf Terrace,250,193
165,11/13/2021,Ms,82,419.28,refunded,467.92,Batholomew Gaffon,bgaffon4k@slideshare.net,5606 Sunbrook Pass,250,194
166,7/22/2020,Mr,29,922.74,processed,305.24,Anetta Keymar,akeymar4l@t-online.de,6 Loeprich Junction,250,195
167,12/5/2020,Rev,48,28.91,processed,281.02,Verene Damsell,vdamsell4m@techcrunch.com,7 Declaration Place,250,196
168,11/17/2020,Rev,54,920.96,pending,53.94,Sylvan Cleobury,scleobury4n@trellian.com,27057 Melrose Center,250,197
169,10/25/2021,Mr,99,585.15,pending,318.51,Gertie Senussi,gsenussi4o@free.fr,87 Loftsgordon Parkway,250,198
170,2/23/2021,Mrs,86,920.92,processed,171.32,Abie Grigorini,agrigorini4p@miibeian.gov.cn,1678 Blaine Crossing,250,199
171,1/30/2021,Mrs,89,621.89,pending,377.76,Nerissa Recke,nrecke4q@indiegogo.com,170 Talmadge Point,250,200
172,4/3/2021,Rev,16,859.94,refunded,283.04,Starr McVanamy,smcvanamy4r@ca.gov,7 Clove Lane,250,201
173,12/27/2021,Dr,36,960.04,refunded,275.57,Keely Yellowlees,kyellowlees4s@amazon.com,89 Milwaukee Alley,250,202
174,6/9/2021,Dr,22,618.42,refunded,434.17,Lucais Soreau,lsoreau4t@cdc.gov,47403 Shasta Point,250,203
175,5/12/2020,Honorable,78,746.34,processed,309.71,Shep Paulich,spaulich4u@bloglovin.com,0764 Mifflin Avenue,250,204
176,7/29/2020,Mrs,50,482.87,processed,283.45,Pepito Cracoe,pcracoe4v@bandcamp.com,6 Linden Street,250,205
177,12/23/2021,Mr,8,783.11,processed,167.51,Shanon Leinster,sleinster4w@wix.com,0346 Northland Court,250,206
178,10/11/2021,Mr,38,986.24,processed,60.06,Molly Livings,mlivings4x@symantec.com,5390 Debra Trail,250,207
179,7/18/2021,Mr,41,202.27,processed,346.34,Hanson Enticknap,henticknap4y@dmoz.org,2 Paget Way,250,208
180,1/12/2020,Ms,32,120.53,pending,39.67,Renie Sherington,rsherington4z@bloomberg.com,7424 Linden Lane,250,209
181,3/6/2020,Honorable,4,477.7,refunded,14.16,Laurella Roderick,lroderick50@twitpic.com,9717 Springs Pass,250,210
182,2/6/2020,Mr,81,456.08,refunded,409.1,Lorene Bendon,lbendon51@topsy.com,84464 Pine View Place,250,211
183,6/25/2020,Mrs,10,418.72,refunded,230.2,Harlen Joreau,hjoreau52@php.net,33 Coolidge Park,250,212
184,2/17/2020,Rev,16,694.96,processed,14.16,Nickolas Hundal,nhundal53@gizmodo.com,151 Del Mar Lane,250,213
185,4/4/2020,Rev,11,523.48,pending,58.59,Christy Weymouth,cweymouth54@accuweather.com,8 Sycamore Trail,250,214
186,5/28/2020,Mrs,33,215.46,processed,55.26,Blair Wallett,bwallett55@mtv.com,1 Golf Road,250,215
187,9/4/2021,Dr,12,201.84,processed,484.96,Babita Thompsett,bthompsett56@abc.net.au,5825 Arizona Way,250,216
188,6/8/2021,Mr,19,851.32,processed,466.39,Gilemette Kittman,gkittman57@cmu.edu,8 Luster Road,250,217
189,1/4/2020,Dr,19,552.98,refunded,418.4,Cosette Shyres,cshyres58@accuweather.com,2183 Cambridge Avenue,250,218
190,11/30/2020,Dr,92,589.81,processed,366.43,Werner Chapelhow,wchapelhow59@cargocollective.com,4 Novick Circle,250,219
191,12/16/2020,Honorable,100,551.16,pending,299.97,Delphine Fiddian,dfiddian5a@goodreads.com,5 Nobel Center,250,220
192,6/16/2021,Ms,94,543.48,refunded,148.12,Yul Hathaway,yhathaway5b@slashdot.org,26 Buell Lane,250,221
193,5/3/2020,Rev,53,150.4,refunded,449.03,Sheilakathryn Bannerman,sbannerman5c@furl.net,0 Bonner Hill,250,222
194,3/17/2021,Mr,93,190.96,refunded,5.95,Cathy Stansell,cstansell5d@mac.com,071 Saint Paul Terrace,250,223
195,10/1/2020,Mr,65,185.47,processed,253.7,Granny Jeandet,gjeandet5e@a8.net,957 Crownhardt Parkway,250,224
196,7/26/2020,Rev,89,9.09,processed,131.52,Caroljean Arnau,carnau5f@weather.com,30 Summerview Alley,250,225
197,9/27/2021,Dr,90,462.21,refunded,17.49,Renard Iddenden,riddenden5g@who.int,666 Iowa Lane,250,226
198,5/24/2021,Rev,9,7.41,refunded,309.83,Tresa Viles,tviles5h@dailymail.co.uk,1 Elgar Junction,250,227
199,4/22/2020,Mrs,35,711.45,refunded,257.84,Danella Spolton,dspolton5i@webs.com,27425 Mayer Place,250,228
200,2/20/2021,Honorable,72,972.21,pending,324.8,Jo ann Hrinchenko,jann5j@pagesperso-orange.fr,6293 Mifflin Way,250,229
201,12/16/2021,Mr,22,192.51,pending,29.46,Marylou Freeland,mfreeland5k@google.co.uk,4345 Prairie Rose Road,250,230
202,2/20/2021,Rev,84,18.64,pending,125.05,Jessa Maple,jmaple5l@webnode.com,1807 Clyde Gallagher Drive,250,231
203,10/17/2020,Rev,3,306.59,refunded,219.72,Annabell Nijs,anijs5m@hugedomains.com,56 Green Park,250,232
204,1/28/2020,Mrs,26,438.05,pending,432.89,Sandro Halson,shalson5n@businessweek.com,58641 Moland Circle,250,233
205,9/5/2021,Mrs,30,648.9,processed,352.03,Bail Rew,brew5o@gnu.org,475 Knutson Pass,250,234
206,9/20/2020,Ms,40,685.25,pending,489.65,Vitia Seago,vseago5p@howstuffworks.com,381 Dawn Parkway,250,235
207,7/13/2021,Ms,69,191.91,pending,53.38,Leoine Gerrell,lgerrell5q@foxnews.com,9 Mcguire Center,250,236
208,10/10/2020,Honorable,35,945.35,refunded,44.86,Ainslie Leckenby,aleckenby5r@netlog.com,91471 Autumn Leaf Pass,250,237
209,10/23/2020,Mr,63,467.33,refunded,407.42,Nolly Latter,nlatter5s@pagesperso-orange.fr,04 Dryden Crossing,250,238
210,4/8/2021,Dr,64,155.89,processed,438.11,Vilhelmina Jenno,vjenno5t@uiuc.edu,4317 Vahlen Park,250,239
211,10/30/2021,Ms,97,857.74,refunded,343.63,Nilson Baynard,nbaynard5u@omniture.com,87070 Dixon Avenue,250,240
212,8/23/2021,Dr,6,921.32,processed,371.28,Sonnnie Springthorpe,sspringthorpe5v@ted.com,049 Truax Center,250,241
213,6/6/2020,Mr,58,737.57,refunded,30.92,Nollie Gowthrop,ngowthrop5w@go.com,931 Laurel Circle,250,242
214,4/11/2020,Ms,80,90.65,refunded,257.37,Cassie Gayle,cgayle5x@huffingtonpost.com,7592 Pennsylvania Place,250,243
215,10/8/2020,Mr,43,383.73,processed,109.73,Maia Warrack,mwarrack5y@blogs.com,001 Bobwhite Way,250,244
216,10/31/2021,Dr,38,825.41,processed,310.98,Chen Readwood,creadwood5z@elegantthemes.com,2981 Upham Alley,250,245
217,12/11/2020,Rev,3,9.52,pending,377.56,Shannen Kobera,skobera60@spiegel.de,1 Sommers Court,250,246
218,3/1/2020,Dr,73,669.3,processed,18.73,Nert Rallings,nrallings61@lycos.com,648 Susan Court,250,247
219,10/7/2021,Rev,21,152.1,refunded,51.76,Natka Addey,naddey62@trellian.com,4864 Oak Valley Road,250,248
220,8/18/2020,Honorable,18,484.1,refunded,117.94,Terra Ficken,tficken63@feedburner.com,00 Waubesa Circle,250,249
221,10/18/2021,Ms,64,998.08,pending,433.61,Sutherland Careswell,scareswell64@networkadvertising.org,419 Kingsford Lane,250,250
222,4/9/2021,Mrs,85,86.39,processed,88.17,Jillene Menicomb,jmenicomb65@netscape.com,81393 Northview Drive,250,251
223,3/30/2020,Ms,19,540.94,pending,48.48,Maxie O'Farrell,mofarrell66@furl.net,429 Dixon Place,250,252
224,12/30/2020,Mrs,4,87.09,pending,306.16,Shawna Hightown,shightown67@wikipedia.org,2 Stoughton Alley,250,253
225,8/10/2021,Rev,49,385.5,processed,191.42,Hephzibah Whitworth,hwhitworth68@clickbank.net,995 Valley Edge Circle,250,254
226,10/4/2020,Mrs,45,997.55,refunded,331.71,Gilligan Lillyman,glillyman69@earthlink.net,90569 Sunnyside Plaza,250,255
227,3/5/2020,Mrs,93,766.82,pending,49.39,Ange Kinglesyd,akinglesyd6a@behance.net,03945 Redwing Plaza,250,256
228,2/28/2021,Rev,20,941.03,refunded,65.75,Caesar O'Conor,coconor6b@google.de,629 Wayridge Lane,250,257
229,8/17/2020,Mrs,13,710.37,pending,184.2,Carlos Eskell,ceskell6c@weebly.com,40961 Fair Oaks Junction,250,258
230,2/3/2020,Mr,97,526.89,processed,175.82,Sully Scowen,sscowen6d@xinhuanet.com,113 Bluejay Way,250,259
231,8/6/2020,Mr,61,900.17,pending,381.04,Melodie Pretty,mpretty6e@statcounter.com,0 Orin Court,250,260
232,1/9/2020,Honorable,27,582.63,refunded,49.6,Matthew Broe,mbroe6f@blogs.com,4761 Vernon Center,250,261
233,4/7/2021,Ms,62,814.05,pending,116.95,Cosmo Djurkovic,cdjurkovic6g@edublogs.org,8307 Sullivan Plaza,250,262
234,10/11/2020,Honorable,89,660.96,pending,144.97,Bealle Guthrum,bguthrum6h@mayoclinic.com,1 Old Shore Alley,250,263
235,5/19/2021,Honorable,35,767.67,processed,312.07,Raynell Castanone,rcastanone6i@businessinsider.com,688 Orin Pass,250,264
236,7/6/2021,Rev,23,543.2,pending,231.82,Andrej Whitley,awhitley6j@biglobe.ne.jp,424 Vermont Court,250,265
237,4/23/2020,Dr,59,463.45,pending,155.34,Rodolph Swinbourne,rswinbourne6k@admin.ch,9668 Towne Park,250,266
238,9/2/2020,Mr,16,4.2,pending,336.45,Emmalyn Coalburn,ecoalburn6l@google.fr,91744 Moland Hill,250,267
239,8/29/2020,Dr,6,597.85,processed,410.62,Free Biggin,fbiggin6m@mapy.cz,0 Garrison Street,250,268
240,8/3/2021,Mr,94,984.92,processed,67.08,Mordecai Rottcher,mrottcher6n@paypal.com,0 Forest Parkway,250,269
241,7/24/2020,Mr,32,965.8,refunded,416.35,Gran Maestrini,gmaestrini6o@de.vu,198 Bay Trail,250,270
242,4/28/2020,Ms,1,46.6,pending,19.41,Sibby Prince,sprince6p@nyu.edu,212 Buena Vista Plaza,250,271
243,11/3/2020,Mrs,55,484.21,processed,494.73,Farlay Lickorish,flickorish6q@pcworld.com,51 Del Mar Hill,250,272
244,1/20/2020,Dr,94,227,refunded,463.26,Dareen Muspratt,dmuspratt6r@elegantthemes.com,3 Gulseth Trail,250,273
245,4/9/2021,Mr,31,447.25,pending,152.5,Celka Mandres,cmandres6s@163.com,59129 Old Shore Hill,250,274
246,11/10/2021,Dr,17,67.59,refunded,224.24,Flemming MacTrustam,fmactrustam6t@furl.net,1699 Old Gate Terrace,250,275
247,8/22/2020,Dr,59,774.42,processed,39.41,Shandee Insley,sinsley6u@geocities.jp,35 Meadow Ridge Pass,250,276
248,4/24/2020,Honorable,90,280.99,pending,393.18,Zolly Lemin,zlemin6v@g.co,29810 Maywood Place,250,277
249,6/20/2021,Rev,59,338.4,pending,271.66,Raychel Conochie,rconochie6w@columbia.edu,353 Cardinal Way,250,278
250,10/20/2020,Rev,26,69.68,pending,115.57,Allin Belverstone,abelverstone6x@squidoo.com,7062 Sage Terrace,250,279
251,6/27/2021,Dr,88,295.53,pending,33.43,Ahmad Bartholat,abartholat6y@joomla.org,912 Fremont Trail,250,280
252,5/18/2020,Dr,37,563.61,processed,453.04,Lucienne Bockings,lbockings6z@scientificamerican.com,91000 Pearson Lane,250,281
253,1/26/2020,Dr,70,235.74,processed,59.52,Abigail Player,aplayer70@themeforest.net,21296 Ridgeview Place,250,282
254,1/31/2021,Ms,74,946.32,pending,206.38,Boothe Blain,bblain71@seesaa.net,30345 Manitowish Alley,250,283
255,12/23/2021,Mrs,56,939.22,refunded,215.9,Kizzee Doble,kdoble72@un.org,21 International Drive,250,284
256,3/24/2021,Ms,1,133.37,refunded,165.37,Rance Monckman,rmonckman73@wikia.com,39016 Myrtle Pass,250,285
257,11/18/2021,Mrs,82,384.94,pending,251.68,Amandy Myles,amyles74@hp.com,9 Elmside Junction,250,286
258,2/27/2020,Honorable,78,982.06,pending,472.65,Concordia Challener,cchallener75@microsoft.com,6879 Tennessee Alley,250,287
259,5/12/2021,Mrs,66,164.33,pending,109.07,Orren Joselson,ojoselson76@msn.com,12 Knutson Way,250,288
260,7/24/2021,Rev,78,570.27,processed,235.77,Angie Faires,afaires77@bbb.org,3747 Lerdahl Court,250,289
261,4/21/2020,Dr,45,108.16,processed,386.87,Ruthanne Pizzey,rpizzey78@newsvine.com,70 Claremont Lane,250,290
262,6/18/2021,Ms,75,809.88,pending,373.99,Patin Messent,pmessent79@comcast.net,7680 Nova Junction,250,291
263,2/12/2021,Ms,18,397.74,processed,408.23,Ced Leahy,cleahy7a@zimbio.com,780 Eggendart Pass,250,292
264,7/26/2020,Mr,21,277.15,refunded,293.61,Addie Brecon,abrecon7b@delicious.com,0 Derek Junction,250,293
265,3/13/2021,Rev,29,172.12,pending,323.85,Clementina Cannam,ccannam7c@ibm.com,9863 Duke Place,250,294
266,7/18/2020,Honorable,53,942.97,processed,301.22,Alvie Crompton,acrompton7d@zdnet.com,6 Pearson Circle,250,295
267,7/9/2020,Mr,1,5.04,pending,188.85,Marian Brister,mbrister7e@dropbox.com,31 Michigan Alley,250,296
268,7/29/2021,Rev,78,11.52,refunded,285.27,Pattin Rodrigo,prodrigo7f@issuu.com,323 Westend Park,250,297
269,7/7/2021,Mrs,54,671.11,processed,128.85,Fawnia Stelljes,fstelljes7g@ft.com,338 Clove Way,250,298
270,1/23/2020,Mr,57,663.51,processed,262.91,Carmelina Scardifield,cscardifield7h@yolasite.com,54062 Larry Center,250,299
271,4/27/2021,Rev,57,753.37,refunded,189.35,Beverlie Andreolli,bandreolli7i@trellian.com,3425 Maple Wood Street,250,300
272,3/23/2020,Dr,76,142.73,processed,181.65,Burl Ruttgers,bruttgers7j@home.pl,47602 Ludington Place,250,301
273,8/15/2021,Mr,82,127.87,processed,406.01,Kathryn Frances,kfrances7k@wufoo.com,5890 Clove Drive,250,302
274,10/24/2020,Mrs,42,560.05,refunded,433.52,Donovan Macer,dmacer7l@scribd.com,2 Moose Junction,250,303
275,7/19/2020,Ms,85,469.62,pending,113.51,Bear McKeran,bmckeran7m@marketwatch.com,12 Hagan Lane,250,304
276,3/10/2020,Mr,94,956.59,processed,341.71,Concordia Livsey,clivsey7n@va.gov,7432 Rockefeller Park,250,305
277,3/12/2021,Dr,85,299.4,processed,241.4,Rodrick Phillis,rphillis7o@yale.edu,5579 Caliangt Park,250,306
278,6/3/2020,Honorable,79,892.23,pending,148.26,Catriona Fairfoot,cfairfoot7p@unicef.org,4912 Welch Crossing,250,307
279,11/19/2021,Ms,17,245.87,refunded,456.43,Euell Wyse,ewyse7q@dell.com,395 Magdeline Crossing,250,308
280,9/1/2020,Rev,79,933.09,pending,264.48,Idette Playford,iplayford7r@wikimedia.org,49861 Alpine Place,250,309
281,6/19/2020,Mr,80,298.85,refunded,393.2,Alfons Lattin,alattin7s@joomla.org,09 Sunbrook Pass,250,310
282,12/27/2020,Honorable,79,0.41,pending,431.45,Kittie Vannuchi,kvannuchi7t@illinois.edu,660 Northview Trail,250,311
283,5/23/2020,Mr,97,730.68,processed,421.14,Chloris Bursell,cbursell7u@51.la,18200 Michigan Circle,250,312
284,9/11/2021,Dr,14,39.11,processed,349.08,Bron Pic,bpic7v@eventbrite.com,75 Fordem Junction,250,313
285,8/7/2021,Ms,19,799.93,refunded,488.19,Elisa Cooch,ecooch7w@sina.com.cn,7848 Arrowood Place,250,314
286,6/11/2020,Dr,80,466,refunded,476.66,Allyn Eberlein,aeberlein7x@liveinternet.ru,39429 Westend Alley,250,315
287,12/28/2020,Mrs,25,176.11,pending,163.4,Rosie Nowaczyk,rnowaczyk7y@free.fr,2123 Ridgeway Park,250,316
288,3/19/2020,Mr,58,522.75,pending,324.75,Howard Moses,hmoses7z@mozilla.org,1 Elka Plaza,250,317
289,3/26/2021,Mrs,63,207.59,refunded,87.37,Rosie Sabatier,rsabatier80@patch.com,1 Larry Plaza,250,318
290,3/21/2021,Rev,38,533.63,processed,290.92,Ida Gleadhall,igleadhall81@mac.com,44 Karstens Trail,250,319
291,3/10/2021,Honorable,68,943.7,refunded,288.34,Ann Licciardiello,alicciardiello82@shop-pro.jp,38290 Dakota Point,250,320
292,10/22/2021,Dr,50,567.34,processed,164.4,Lenette Lodemann,llodemann83@jalbum.net,636 Trailsway Road,250,321
293,5/20/2020,Mr,71,747.81,refunded,145.22,Gordan Mallebone,gmallebone84@sakura.ne.jp,9 Corscot Place,250,322
294,5/18/2020,Mrs,24,379.16,refunded,451.19,Stacie Orrum,sorrum85@cmu.edu,2 Laurel Road,250,323
295,12/30/2021,Dr,21,119.22,refunded,85.53,Karlen Hopkyns,khopkyns86@addtoany.com,50 Del Mar Center,250,324
296,4/27/2020,Honorable,82,758.75,pending,337.98,Lenard Duignan,lduignan87@netlog.com,06702 Mcguire Court,250,325
297,2/5/2020,Ms,64,832.45,pending,88.45,Ester Deppen,edeppen88@infoseek.co.jp,50145 Mayer Circle,250,326
298,7/13/2021,Mr,50,888.06,processed,486.96,Gusella Armour,garmour89@lycos.com,046 Waubesa Park,250,327
299,8/28/2020,Mrs,19,185.17,refunded,427.94,Justin Laugherane,jlaugherane8a@narod.ru,5238 Caliangt Trail,250,328
300,11/4/2021,Dr,52,237.64,processed,446.8,Legra Daubeny,ldaubeny8b@mediafire.com,9347 Loftsgordon Center,250,329
301,12/15/2020,Dr,31,517.98,processed,316.97,Caz O'Dunniom,codunniom8c@squidoo.com,50 Mandrake Pass,250,330
302,5/17/2021,Mr,63,925.84,processed,417.45,Amy Kinforth,akinforth8d@miibeian.gov.cn,5616 Scott Street,250,331
303,11/14/2021,Mr,44,483.07,pending,301.08,Becka Jamieson,bjamieson8e@nymag.com,289 Darwin Hill,250,332
304,1/8/2021,Dr,66,310.37,processed,470.5,Sadie Romke,sromke8f@reuters.com,79 Swallow Lane,250,333
305,10/19/2020,Rev,3,373.61,refunded,60.15,Eddie Ianetti,eianetti8g@blogs.com,48 Lunder Court,250,334
306,6/5/2020,Mr,73,61.63,refunded,442.93,Sonnie Denyukin,sdenyukin8h@cbsnews.com,162 Cottonwood Center,250,335
307,2/14/2020,Rev,49,705.69,processed,196.35,Marsha Hanington,mhanington8i@techcrunch.com,9 Texas Point,250,336
308,7/5/2020,Dr,88,885.22,refunded,72.65,Horst Peeter,hpeeter8j@zdnet.com,578 Sutherland Point,250,337
309,8/7/2020,Honorable,19,338,refunded,478.48,Reuven Barbosa,rbarbosa8k@answers.com,41076 Stuart Crossing,250,338
310,11/5/2020,Mrs,55,639.55,processed,430.22,Kaylyn Daborn,kdaborn8l@oakley.com,47 Nelson Alley,250,339
311,1/29/2020,Dr,53,857.37,refunded,26.49,Tillie Battlestone,tbattlestone8m@house.gov,5651 Carpenter Plaza,250,340
312,8/10/2021,Honorable,16,608.3,pending,461.5,Reider Drinkale,rdrinkale8n@rambler.ru,85 Bluejay Crossing,250,341
313,12/26/2021,Ms,28,563.53,processed,27.76,Barbette Pankethman,bpankethman8o@marriott.com,62499 Porter Plaza,250,342
314,2/24/2021,Rev,21,191.15,pending,249.02,Killian Braundt,kbraundt8p@about.com,442 Fremont Road,250,343
315,12/27/2020,Mrs,83,742.39,processed,275.11,Torry Bensusan,tbensusan8q@prweb.com,1128 Namekagon Circle,250,344
316,12/3/2020,Mrs,19,51.83,pending,103.22,Ros Dunford,rdunford8r@msu.edu,880 Bowman Pass,250,345
317,12/19/2020,Honorable,71,830.32,processed,322.97,Les Ancliffe,lancliffe8s@washington.edu,88 Brentwood Trail,250,346
318,8/18/2020,Mr,85,391.2,pending,278.77,Miriam Eilhermann,meilhermann8t@ezinearticles.com,83328 Vahlen Parkway,250,347
319,1/11/2021,Ms,67,188.26,processed,59.96,Indira Rimington,irimington8u@devhub.com,3120 Continental Circle,250,348
320,5/8/2020,Rev,39,21.56,pending,49.81,Giustina Broker,gbroker8v@google.pl,7056 International Parkway,250,349
321,11/20/2021,Mrs,69,412.1,pending,331.55,Ronnie Dobble,rdobble8w@tinyurl.com,1 Melrose Parkway,250,350
322,8/27/2021,Mr,67,510.3,refunded,193.65,Lesya Swinden,lswinden8x@hp.com,8 Bluejay Hill,250,351
323,3/18/2021,Rev,7,928.58,refunded,228.91,Denys Sharples,dsharples8y@flavors.me,95 Bunting Trail,250,352
324,2/9/2021,Mrs,57,352.99,refunded,195.81,Winston Algore,walgore8z@engadget.com,15072 Pawling Alley,250,353
325,3/27/2020,Mrs,13,839.7,refunded,46.33,Deloria De Vuyst,dde90@umich.edu,231 Talmadge Street,250,354
326,4/22/2020,Dr,60,780.93,pending,7.72,Shandee Hulland,shulland91@fc2.com,2273 Prentice Drive,250,355
327,8/1/2020,Dr,90,857.22,pending,142.82,Marquita Quarmby,mquarmby92@ibm.com,93 Dunning Hill,250,356
328,6/29/2021,Mr,53,257.15,refunded,385.35,Zelma Valek,zvalek93@smh.com.au,9 Tony Hill,250,357
329,9/14/2020,Rev,29,1.66,processed,74.16,Heall Oiseau,hoiseau94@cnbc.com,777 Hayes Terrace,250,358
330,4/18/2020,Rev,14,249.79,processed,267.47,Hieronymus Goseling,hgoseling95@prlog.org,59537 Bashford Lane,250,359
331,5/8/2021,Honorable,8,282.96,pending,258.47,Aldis Geraldo,ageraldo96@paginegialle.it,974 Becker Terrace,250,360
332,8/18/2021,Honorable,89,231.65,refunded,233.95,Dayle Moulder,dmoulder97@hibu.com,5 Oakridge Point,250,361
333,6/30/2021,Mr,96,901.72,refunded,262.33,Timmie Asquith,tasquith98@wired.com,039 Tennessee Circle,250,362
334,1/2/2020,Dr,18,549.3,refunded,444.47,Linet Prahl,lprahl99@about.me,9760 Golf Course Hill,250,363
335,2/15/2020,Honorable,65,79.59,processed,474.56,Bonita Paxforde,bpaxforde9a@dyndns.org,1 Blackbird Parkway,250,364
336,3/26/2020,Mr,88,423.2,processed,212.4,Lyle Baswall,lbaswall9b@ebay.com,1 Westridge Point,250,365
337,12/29/2021,Ms,40,864.65,refunded,11.44,Merrie Anstis,manstis9c@canalblog.com,3 Dixon Drive,250,366
338,9/19/2021,Honorable,65,460.4,pending,298.03,Hinda Wayon,hwayon9d@google.com.br,7 Meadow Vale Center,250,367
339,7/24/2020,Rev,42,688.54,refunded,236.75,Amby Skillanders,askillanders9e@ftc.gov,8443 Myrtle Place,250,368
340,4/24/2021,Ms,54,694.54,processed,50.45,Stinky Kristiansen,skristiansen9f@simplemachines.org,79502 Declaration Avenue,250,369
341,10/16/2020,Dr,70,871.04,pending,381.52,Melania Nolin,mnolin9g@dropbox.com,5299 Doe Crossing Crossing,250,370
342,8/22/2021,Mrs,92,811.74,refunded,364.76,Morry Walden,mwalden9h@w3.org,0 Riverside Crossing,250,371
343,12/3/2020,Honorable,40,246.99,pending,327.29,Dolli Kirby,dkirby9i@elegantthemes.com,9 Corry Hill,250,372
344,7/3/2021,Rev,52,672.41,refunded,248.87,Emelen Sollars,esollars9j@wired.com,0 Boyd Way,250,373
345,5/7/2021,Rev,29,930.73,refunded,366.58,Kandace Dunks,kdunks9k@goo.ne.jp,9533 Coleman Lane,250,374
346,8/11/2020,Ms,12,529.87,processed,352.03,Hamid Sweynson,hsweynson9l@eepurl.com,85847 Cherokee Road,250,375
347,12/4/2021,Mrs,31,129.81,refunded,358.07,Aryn Witherow,awitherow9m@geocities.jp,2 American Ash Court,250,376
348,12/4/2020,Honorable,76,735.55,processed,197.22,Benji Byford,bbyford9n@pagesperso-orange.fr,71 Mcguire Street,250,377
349,8/17/2020,Dr,80,493.24,refunded,224.05,Harmon Martusov,hmartusov9o@delicious.com,635 Crescent Oaks Junction,250,378
350,2/15/2021,Mr,96,604.19,processed,135.28,Margaretha Peebles,mpeebles9p@ibm.com,4510 Barby Pass,250,379
351,1/15/2020,Mr,73,972.57,refunded,32.16,Alexio Silverwood,asilverwood9q@usa.gov,47 Namekagon Junction,250,380
352,3/16/2021,Ms,28,66.68,processed,236.54,Erika Torrance,etorrance9r@foxnews.com,25531 Elgar Place,250,381
353,10/13/2020,Rev,52,587.97,refunded,75.55,Garik Osanne,gosanne9s@myspace.com,1 Eastlawn Crossing,250,382
354,5/18/2021,Mrs,28,506.63,refunded,13.38,Elfrieda Dealey,edealey9t@yandex.ru,5 Brown Lane,250,383
355,4/26/2020,Dr,73,246.51,pending,350.94,Reeba Manilove,rmanilove9u@omniture.com,531 Hauk Terrace,250,384
356,10/4/2021,Dr,100,777.78,refunded,426.02,Sharleen Errington,serrington9v@irs.gov,2820 Banding Pass,250,385
357,1/13/2020,Dr,72,890.44,refunded,26.75,Osborn Ratray,oratray9w@businesswire.com,892 Hansons Center,250,386
358,10/11/2020,Ms,58,283.1,pending,351.81,Isidor Cockerham,icockerham9x@php.net,39742 Orin Center,250,387
359,7/5/2020,Ms,56,868.86,pending,215.2,Crysta Camoys,ccamoys9y@indiatimes.com,6 Grim Alley,250,388
360,6/20/2020,Dr,7,266.86,processed,283.5,Weston Newbery,wnewbery9z@columbia.edu,2 Merry Junction,250,389
361,8/26/2021,Rev,60,827.65,pending,54.9,Vaughn Pitford,vpitforda0@unicef.org,73 Meadow Ridge Plaza,250,390
362,7/19/2020,Ms,12,165.45,refunded,72.73,Skylar Toye,stoyea1@globo.com,374 Susan Parkway,250,391
363,11/3/2021,Mrs,39,410.21,pending,225.56,Jolene Caygill,jcaygilla2@shinystat.com,858 Pine View Parkway,250,392
364,9/19/2020,Mr,80,200.43,processed,362.71,Celestia Alenin,calenina3@mozilla.com,27 Little Fleur Crossing,250,393
365,4/30/2021,Mrs,47,842.36,processed,240.11,Zacharias Dubose,zdubosea4@list-manage.com,47 Gerald Road,250,394
366,6/9/2021,Mrs,2,623.26,pending,73.66,Webster Jinkin,wjinkina5@theglobeandmail.com,625 Bayside Circle,250,395
367,5/6/2021,Mr,95,780.39,refunded,108.09,Arlinda Silverton,asilvertona6@bbb.org,61211 Judy Lane,250,396
368,6/3/2021,Ms,66,809.59,refunded,336.15,Martita Farlowe,mfarlowea7@tripadvisor.com,98137 Sugar Pass,250,397
369,2/19/2021,Rev,17,896.2,refunded,427.62,Lona Spackman,lspackmana8@dell.com,864 7th Center,250,398
370,10/7/2021,Honorable,36,78.39,refunded,59.52,Aldis Neilly,aneillya9@free.fr,0100 Sunnyside Lane,250,399
371,7/18/2021,Mrs,76,419.86,processed,332.66,Dev Bartocci,dbartocciaa@aol.com,0751 Surrey Drive,250,400
372,10/7/2020,Ms,81,106.14,processed,272.95,Christy Pimblott,cpimblottab@addtoany.com,770 Coleman Junction,250,401
373,1/14/2020,Mrs,64,459.14,pending,390,Manny Rosnau,mrosnauac@fc2.com,8 Lukken Parkway,250,402
374,9/12/2020,Mrs,99,614.14,pending,240.02,Rhody Beaston,rbeastonad@surveymonkey.com,364 Stone Corner Park,250,403
375,3/20/2020,Mrs,60,449.59,processed,337.45,Dougy Giacopelo,dgiacopeloae@amazon.com,35 Dexter Crossing,250,404
376,12/19/2021,Mr,83,645.39,processed,479.09,Jori Routham,jrouthamaf@theguardian.com,68 Northland Drive,250,405
377,7/24/2021,Ms,22,367.1,refunded,28.25,Rheba Elvey,relveyag@last.fm,0 Logan Way,250,406
378,12/13/2021,Mr,84,26.17,refunded,127.11,Bambi Ballam,bballamah@google.de,0 Kinsman Alley,250,407
379,5/24/2021,Mrs,8,863.77,refunded,467.44,Cymbre Decruse,cdecruseai@eventbrite.com,884 Upham Point,250,408
380,2/21/2020,Ms,41,658.43,pending,364.18,Ellswerth Kenington,ekeningtonaj@qq.com,2 Clyde Gallagher Point,250,409
381,1/23/2020,Rev,10,920.44,pending,195.59,Tandi Riseley,triseleyak@weibo.com,42 Cordelia Hill,250,410
382,8/7/2021,Mr,74,494.36,pending,205.19,Athena Denham,adenhamal@tiny.cc,740 Schmedeman Circle,250,411
383,4/27/2021,Rev,3,693.22,processed,271.17,Omar Deluca,odelucaam@soundcloud.com,17 Namekagon Park,250,412
384,2/6/2021,Rev,97,146.87,pending,76.84,Jasmine Benmore,jbenmorean@apache.org,39941 Sommers Court,250,413
385,9/9/2021,Dr,95,675.84,pending,0.94,Tabbatha St. Clair,tstao@stumbleupon.com,12 Reinke Hill,250,414
386,12/5/2020,Mrs,23,384.95,refunded,472.67,Julietta Uglow,juglowap@weather.com,9373 Southridge Road,250,415
387,5/25/2020,Mrs,93,390.66,refunded,48.62,Julienne Bricham,jbrichamaq@canalblog.com,408 Springs Center,250,416
388,5/10/2021,Honorable,28,220.75,processed,388.32,Brinn McPhater,bmcphaterar@seattletimes.com,6637 2nd Park,250,417
389,12/29/2021,Dr,53,522.1,pending,410.68,Peter Izakson,pizaksonas@instagram.com,07298 Division Trail,250,418
390,11/18/2021,Rev,66,908.28,refunded,359.89,Cort Capewell,ccapewellat@istockphoto.com,20 Transport Drive,250,419
391,7/13/2020,Rev,24,264.13,pending,125.22,Jammal Warriner,jwarrinerau@spotify.com,46934 Anderson Place,250,420
392,12/17/2021,Honorable,77,249.45,processed,372.12,Johann Turpie,jturpieav@gravatar.com,14639 Montana Road,250,421
393,5/15/2020,Ms,55,456.18,refunded,357.99,Leland Avory,lavoryaw@newsvine.com,8981 Tony Pass,250,422
394,11/6/2021,Mr,82,619.77,refunded,327.88,Jaquenetta Twiddy,jtwiddyax@sina.com.cn,3 Hallows Junction,250,423
395,5/26/2021,Rev,36,488.85,pending,237.43,Inessa Ickovitz,iickovitzay@businessweek.com,9 Melody Plaza,250,424
396,2/1/2020,Ms,11,214.34,pending,385.49,Rossie Harget,rhargetaz@sitemeter.com,12 Judy Lane,250,425
397,2/3/2020,Mrs,7,995.75,processed,327.2,Cacilia Keepe,ckeepeb0@huffingtonpost.com,30 Di Loreto Road,250,426
398,5/16/2021,Rev,80,409.71,pending,205.39,Edy Coltan,ecoltanb1@microsoft.com,9 Warbler Trail,250,427
399,2/18/2020,Mrs,3,494.78,processed,356,Damian Gaughan,dgaughanb2@delicious.com,9 Village Trail,250,428
400,11/19/2021,Ms,96,307.99,processed,486.76,Lorenzo Rate,lrateb3@mysql.com,9252 Old Shore Circle,250,429
401,8/6/2021,Mrs,99,919.67,pending,429.76,Andrei Maunsell,amaunsellb4@accuweather.com,8302 Graceland Center,250,430
402,11/24/2021,Rev,64,826.71,pending,139.88,Perry Pybus,ppybusb5@parallels.com,68949 Manufacturers Trail,250,431
403,3/30/2020,Mr,36,147.71,processed,85.95,Katusha Lovering,kloveringb6@twitpic.com,2380 Mariners Cove Lane,250,432
404,5/14/2021,Honorable,30,306.71,pending,471.14,Noell Starkey,nstarkeyb7@yahoo.com,022 Stoughton Center,250,433
405,5/28/2020,Rev,10,369.79,pending,443.94,Lynne Bothams,lbothamsb8@tripod.com,6 Mayfield Avenue,250,434
406,10/8/2021,Rev,56,140.86,refunded,396,Nola Portingale,nportingaleb9@friendfeed.com,896 Sunbrook Parkway,250,435
407,11/20/2021,Rev,60,823.4,refunded,56.49,Washington Klimashevich,wklimashevichba@1und1.de,2 Manley Plaza,250,436
408,4/14/2021,Rev,36,900.44,processed,398.96,Yolanda MacSween,ymacsweenbb@163.com,33873 Continental Alley,250,437
409,5/18/2021,Mr,75,757.79,refunded,341.04,Jasmin Jelleman,jjellemanbc@discuz.net,8333 Sycamore Drive,250,438
410,11/10/2021,Honorable,20,350.67,processed,313.92,Gwenore Clee,gcleebd@vk.com,10 Twin Pines Center,250,439
411,8/17/2020,Honorable,78,496.87,processed,97.54,Dennie Marjanski,dmarjanskibe@myspace.com,22 Sundown Circle,250,440
412,3/19/2021,Dr,54,139.77,pending,208.39,Bee Duthie,bduthiebf@ebay.co.uk,061 Green Ridge Center,250,441
413,8/22/2020,Mrs,69,434.34,pending,2.71,Madelyn Snowding,msnowdingbg@ftc.gov,665 Bobwhite Parkway,250,442
414,3/5/2020,Mr,86,999.57,processed,405.81,Riannon Harnes,rharnesbh@lycos.com,0000 Pawling Court,250,443
415,1/26/2020,Ms,87,852.45,refunded,73.03,Blithe Sheryn,bsherynbi@biblegateway.com,11 Canary Parkway,250,444
416,4/11/2020,Mrs,53,980.43,pending,232.63,Engelbert Moncarr,emoncarrbj@gov.uk,57 Declaration Road,250,445
417,5/1/2020,Mrs,33,846.27,refunded,493.31,Rodge Redmayne,rredmaynebk@godaddy.com,373 Elka Alley,250,446
418,10/20/2021,Ms,92,131.75,processed,390.99,Terrye Idiens,tidiensbl@pen.io,18837 Melrose Avenue,250,447
419,2/22/2020,Mr,89,755.13,refunded,65.15,Neely Dog,ndogbm@sphinn.com,72 Commercial Point,250,448
420,5/23/2020,Honorable,54,382.63,pending,239.65,Lynsey Angeau,langeaubn@princeton.edu,02390 Steensland Road,250,449
421,4/3/2021,Honorable,100,333.38,pending,215.8,Sarine Glanders,sglandersbo@bigcartel.com,0 Center Hill,250,450
422,9/2/2020,Rev,19,594.79,pending,384.47,Red Szymoni,rszymonibp@globo.com,053 Bluejay Drive,250,451
423,4/11/2020,Mr,57,649.11,pending,469.85,Wynn Marfield,wmarfieldbq@columbia.edu,2 Moulton Lane,250,452
424,5/22/2021,Rev,83,84.51,pending,90.13,Abel Diss,adissbr@php.net,3859 8th Center,250,453
425,6/15/2020,Honorable,62,278.91,pending,7.05,Euell Ruit,eruitbs@dropbox.com,9 Merrick Plaza,250,454
426,8/31/2020,Ms,67,104.07,refunded,381.72,Eugenia Castellini,ecastellinibt@seesaa.net,20921 Fair Oaks Drive,250,455
427,6/15/2021,Rev,65,247.54,refunded,56.23,Ardine Otter,aotterbu@ameblo.jp,379 Hoard Way,250,456
428,6/8/2021,Dr,98,95.16,pending,366.9,Sergei Damp,sdampbv@microsoft.com,5776 Mallory Court,250,457
429,9/6/2021,Mr,40,223.66,processed,292.2,Agnesse Logg,aloggbw@smugmug.com,1402 Alpine Place,250,458
430,11/19/2021,Honorable,8,223.2,refunded,379.92,Marj Fearneley,mfearneleybx@foxnews.com,1986 Pierstorff Pass,250,459
431,11/12/2021,Honorable,42,729.66,pending,453.38,Farlay Gurry,fgurryby@alibaba.com,48971 Warrior Lane,250,460
432,5/26/2021,Honorable,1,251.74,refunded,62.18,Ora Scotcher,oscotcherbz@hugedomains.com,84591 Clemons Court,250,461
433,12/3/2020,Mrs,22,494.76,processed,78.59,Tybie Schimaschke,tschimaschkec0@theatlantic.com,89043 Blackbird Crossing,250,462
434,4/11/2021,Mr,37,472,processed,87.77,Burnard Roskrug,broskrugc1@angelfire.com,283 Eggendart Hill,250,463
435,2/17/2021,Ms,91,984.33,processed,350.53,Danie A'Barrow,dabarrowc2@paginegialle.it,47 Comanche Circle,250,464
436,3/8/2020,Mrs,29,260.2,processed,174,Gerick Kennefick,gkennefickc3@gravatar.com,2071 Spenser Hill,250,465
437,10/22/2021,Rev,47,527.98,refunded,175.72,Kalil Tincombe,ktincombec4@zimbio.com,6051 Northridge Crossing,250,466
438,3/1/2021,Honorable,55,466.01,refunded,209.03,Kerstin Sawdon,ksawdonc5@exblog.jp,6709 Graedel Crossing,250,467
439,11/27/2021,Honorable,46,810.51,refunded,22.69,Uriel Hinstock,uhinstockc6@mediafire.com,3608 Stang Court,250,468
440,11/28/2020,Dr,87,411.98,processed,389.92,Kiley Dalla,kdallac7@youku.com,14 Morningstar Road,250,469
441,4/7/2020,Rev,52,913.42,pending,486.38,Nola Coverdill,ncoverdillc8@plala.or.jp,254 Fair Oaks Lane,250,470
442,8/7/2020,Ms,39,513.71,refunded,349.24,Harriot Duggary,hduggaryc9@mtv.com,466 Brown Road,250,471
443,11/22/2020,Mr,37,312.21,pending,199.23,Tobe Verne,tverneca@cmu.edu,0115 Acker Crossing,250,472
444,8/14/2020,Mrs,35,376.22,refunded,370.81,Tailor Blackwell,tblackwellcb@4shared.com,183 Saint Paul Court,250,473
445,11/23/2021,Rev,64,403.41,processed,92.89,Ingelbert Purry,ipurrycc@mail.ru,3588 Thompson Terrace,250,474
446,1/16/2020,Dr,93,5.85,pending,95.63,Ianthe Marrian,imarriancd@bravesites.com,1205 Meadow Vale Point,250,475
447,6/1/2020,Honorable,24,139.85,pending,53.83,Percival Kefford,pkeffordce@creativecommons.org,5 Sullivan Pass,250,476
448,11/30/2020,Ms,40,95.3,processed,58.6,Boony Ricard,bricardcf@chicagotribune.com,06517 Cottonwood Point,250,477
449,9/11/2021,Honorable,90,168.28,refunded,121.33,Quinn Rubinovitch,qrubinovitchcg@jugem.jp,493 Grover Crossing,250,478
450,1/28/2020,Rev,78,327.92,pending,415.21,Janice Clilverd,jclilverdch@fc2.com,87820 Badeau Center,250,479
451,3/12/2021,Ms,3,311.35,processed,267.33,Gunilla Charlewood,gcharlewoodci@i2i.jp,1 Chinook Hill,250,480
452,9/22/2020,Ms,91,678.3,processed,31.64,Dalenna Cadman,dcadmancj@wordpress.org,7 Green Road,250,481
453,8/11/2020,Dr,72,915.57,refunded,214.19,Rozanne McVittie,rmcvittieck@census.gov,6 New Castle Alley,250,482
454,2/17/2021,Honorable,30,374.08,processed,172.64,Kerstin Booeln,kbooelncl@nationalgeographic.com,92 Onsgard Road,250,483
455,9/17/2020,Rev,50,640.13,pending,80.54,Giraud Faulds,gfauldscm@economist.com,80 Corben Lane,250,484
456,6/27/2020,Rev,65,358.89,processed,489.57,Dawn Forsythe,dforsythecn@de.vu,698 Bellgrove Junction,250,485
457,3/9/2020,Dr,94,474.62,pending,466.04,Carolynn Adamek,cadamekco@skype.com,87599 Kinsman Court,250,486
458,11/21/2021,Mr,33,229.33,processed,292.12,Shalna Jindracek,sjindracekcp@squidoo.com,9 Killdeer Terrace,250,487
459,12/4/2020,Mrs,8,10.31,refunded,10.63,Kelby Spradbery,kspradberycq@prweb.com,3 Goodland Alley,250,488
460,6/30/2021,Rev,41,254.8,processed,431.14,Levin Treffry,ltreffrycr@1und1.de,48 Pine View Terrace,250,489
461,8/13/2021,Mr,20,705.6,pending,142.16,Jere Tolossi,jtolossics@engadget.com,130 Luster Center,250,490
462,11/15/2020,Rev,76,788.1,pending,352.25,Merrill Screeton,mscreetonct@over-blog.com,6321 Alpine Court,250,491
463,12/19/2020,Rev,72,629.53,processed,405.4,Kelley Leipold,kleipoldcu@biblegateway.com,67 Division Trail,250,492
464,6/4/2020,Dr,45,526.62,processed,13.04,Shurlock Bradbeer,sbradbeercv@artisteer.com,6 Dovetail Center,250,493
465,4/9/2020,Mrs,41,840.97,processed,327.36,Clayton Jorgesen,cjorgesencw@acquirethisname.com,493 Forster Terrace,250,494
466,6/14/2020,Ms,4,965.92,refunded,55.01,Krysta Caisley,kcaisleycx@php.net,0032 Tennessee Pass,250,495
467,3/30/2020,Mr,36,75.72,processed,437.84,Sebastiano Shoebridge,sshoebridgecy@independent.co.uk,0 Dawn Hill,250,496
468,5/21/2021,Dr,34,491.17,pending,81.06,Kareem Assiter,kassitercz@pagesperso-orange.fr,563 Melody Hill,250,497
469,4/7/2021,Honorable,36,27.23,pending,339.08,Kennan Terlinden,kterlindend0@google.es,33 Aberg Drive,250,498
470,11/24/2020,Ms,79,82.89,refunded,377.07,Koo Banfield,kbanfieldd1@businessinsider.com,0 Basil Plaza,250,499
471,11/25/2021,Mrs,17,204.87,pending,356.36,Charissa Emma,cemmad2@sina.com.cn,468 Mosinee Park,250,500
472,3/17/2021,Dr,49,525.59,processed,378.8,Willyt Edmundson,wedmundsond3@wp.com,524 Pierstorff Circle,250,501
473,4/17/2021,Rev,21,858.53,pending,158.95,Malia Tucknott,mtucknottd4@ebay.co.uk,591 Hintze Way,250,502
474,1/23/2021,Honorable,68,558.58,processed,315.66,Lissy Lavell,llavelld5@twitpic.com,45 Londonderry Parkway,250,503
475,6/20/2020,Rev,12,238.71,refunded,52.31,Lila McKniely,lmcknielyd6@goodreads.com,68 Warbler Drive,250,504
476,9/21/2021,Mr,79,705.92,refunded,340.03,Garwin Van den Broek,gvand7@barnesandnoble.com,4464 Anthes Avenue,250,505
477,8/14/2020,Honorable,8,497.09,processed,356.11,Maximilien Andrzejczak,mandrzejczakd8@sbwire.com,6 Sundown Crossing,250,506
478,9/20/2021,Mrs,13,624.03,refunded,376.52,Ines Varcoe,ivarcoed9@accuweather.com,56 Fordem Park,250,507
479,1/1/2020,Dr,95,326.79,pending,98.55,May Ludovico,mludovicoda@mit.edu,15238 Talisman Lane,250,508
480,8/22/2021,Mr,60,59.58,processed,44.77,Leela Pilbury,lpilburydb@mlb.com,72687 Garrison Pass,250,509
481,1/20/2020,Mr,70,521.43,refunded,335.79,Vale La Batie,vladc@storify.com,3897 Esker Junction,250,510
482,10/10/2020,Honorable,87,192.5,refunded,310.9,Rudolf Wyard,rwyarddd@indiatimes.com,7262 Kim Pass,250,511
483,3/26/2020,Ms,34,309.49,refunded,339.83,Simonne Frow,sfrowde@jalbum.net,13 Rowland Drive,250,512
484,9/9/2021,Mrs,3,753.97,processed,413.26,Pancho Fontin,pfontindf@ucoz.ru,0940 Grasskamp Circle,250,513
485,9/21/2021,Honorable,39,769.85,refunded,372.89,Margaux Korejs,mkorejsdg@home.pl,841 Marcy Court,250,514
486,1/17/2021,Mrs,19,985.66,pending,338.84,Mirabelle Garritley,mgarritleydh@mlb.com,9591 Moose Alley,250,515
487,8/22/2021,Ms,55,758.09,refunded,9.46,Bili Pedrocco,bpedroccodi@example.com,4 Hanover Point,250,516
488,7/2/2020,Mrs,9,144.14,refunded,381.2,Cornall Prydden,cpryddendj@51.la,533 Fairfield Park,250,517
489,10/13/2020,Honorable,15,361.59,processed,352.44,Lyn Sattin,lsattindk@sciencedirect.com,4 Coolidge Lane,250,518
490,11/26/2021,Rev,59,988.15,pending,104.99,Sylas Rosson,srossondl@fotki.com,92608 Saint Paul Parkway,250,519
491,6/10/2020,Mrs,40,843.55,processed,166.76,Gar Have,ghavedm@sun.com,9327 Victoria Road,250,520
492,3/4/2021,Honorable,33,405.91,pending,312.15,Leisha Wellen,lwellendn@un.org,720 Dapin Way,250,521
493,4/23/2021,Dr,66,955.25,processed,360.36,Dniren Nannoni,dnannonido@arstechnica.com,7 Stone Corner Way,250,522
494,4/10/2021,Mrs,68,87.03,processed,30.28,Edyth Ledrun,eledrundp@bloomberg.com,95 Dryden Place,250,523
495,9/29/2020,Ms,96,182.74,refunded,18.06,Feliza Boliver,fboliverdq@flickr.com,093 Swallow Place,250,524
496,6/16/2021,Mr,32,468.09,processed,124.95,Fanni Pitchers,fpitchersdr@smh.com.au,7112 Morrow Pass,250,525
497,1/23/2020,Mrs,20,601.29,pending,435.84,Geno Manolov,gmanolovds@ocn.ne.jp,74564 Kinsman Place,250,526
498,4/11/2021,Ms,1,657.78,processed,170.6,Townie Housby,thousbydt@ocn.ne.jp,65 Fisk Place,250,527
499,10/20/2020,Ms,58,236.88,pending,461.43,Lennie MacDearmaid,lmacdearmaiddu@webnode.com,21 Killdeer Place,250,528
500,6/21/2021,Ms,93,325.04,processed,219.33,Anallise Hurren,ahurrendv@google.nl,012 Dryden Alley,250,529
